{
  "hash": "377d829a",
  "browserHash": "de299ab7",
  "optimized": {
    "@angular/common": {
      "src": "../../../../../node_modules/@angular/common/fesm2022/common.mjs",
      "file": "@angular_common.js",
      "fileHash": "4d075d07",
      "needsInterop": false
    },
    "@angular/core": {
      "src": "../../../../../node_modules/@angular/core/fesm2022/core.mjs",
      "file": "@angular_core.js",
      "fileHash": "c62c8cab",
      "needsInterop": false
    },
    "@angular/platform-browser": {
      "src": "../../../../../node_modules/@angular/platform-browser/fesm2022/platform-browser.mjs",
      "file": "@angular_platform-browser.js",
      "fileHash": "606217c1",
      "needsInterop": false
    },
    "@angular/router": {
      "src": "../../../../../node_modules/@angular/router/fesm2022/router.mjs",
      "file": "@angular_router.js",
      "fileHash": "7ac8e57f",
      "needsInterop": false
    },
    "@angular/common/http": {
      "src": "../../../../../node_modules/@angular/common/fesm2022/http.mjs",
      "file": "@angular_common_http.js",
      "fileHash": "a4a9e401",
      "needsInterop": false
    },
    "rxjs": {
      "src": "../../../../../node_modules/rxjs/dist/esm5/index.js",
      "file": "rxjs.js",
      "fileHash": "950496ec",
      "needsInterop": false
    }
  },
  "chunks": {
    "chunk-C4UEMDRM": {
      "file": "chunk-C4UEMDRM.js"
    },
    "chunk-LF4AMCXV": {
      "file": "chunk-LF4AMCXV.js"
    },
    "chunk-VQTM626N": {
      "file": "chunk-VQTM626N.js"
    },
    "chunk-LHPFNSYE": {
      "file": "chunk-LHPFNSYE.js"
    },
    "chunk-RFLL4WBD": {
      "file": "chunk-RFLL4WBD.js"
    }
  }
}